"","name","lat","long","segment","isCentralOffice"
"1","NATNPANR VERIZON PENNSYLVANIA, INC.",40.6874,-75.4976,1,TRUE
"2","PTLDPAXP COMMONWEALTH TELEPHONE COMPANY",40.921,-75.098,1,TRUE
"3","NATNPANR VERIZON PENNSYLVANIA, INC.",40.6874,-75.4976,2,TRUE
"4","RMNHPAXR COMMONWEALTH TELEPHONE COMPANY",40.8484,-75.1419,2,TRUE
"5","NATNPAAG RCN TELECOM SERVICE OF PENNSYLVANIA, INC.",40.6993,-75.4361,3,TRUE
"6","PTLDPAXP COMMONWEALTH TELEPHONE COMPANY",40.921,-75.098,3,TRUE
"7","NATNPAAG RCN TELECOM SERVICE OF PENNSYLVANIA, INC.",40.6993,-75.4361,4,TRUE
"8","RMNHPAXR COMMONWEALTH TELEPHONE COMPANY",40.8484,-75.1419,4,TRUE
"9","RMNHPAXR COMMONWEALTH TELEPHONE COMPANY",40.8484,-75.1419,5,TRUE
"10","ALTWPACY CHOICE ONE COMMUNICATIONS, INC.",40.5867,-75.6114,5,TRUE
"11","RMNHPAXR COMMONWEALTH TELEPHONE COMPANY",40.8484,-75.1419,6,TRUE
"12","MCNGPAXM VERIZON NORTH INC.-PA (CONTEL)",40.5181,-75.5581,6,TRUE
"13","BATHPA01 SERVICE ELECTRIC TELEPHONE, INC.",40.7272,-75.3942,7,TRUE
"14","PTLDPAXP COMMONWEALTH TELEPHONE COMPANY",40.921,-75.098,7,TRUE
"15","BATHPA01 SERVICE ELECTRIC TELEPHONE, INC.",40.7272,-75.3942,8,TRUE
"16","RMNHPAXR COMMONWEALTH TELEPHONE COMPANY",40.8484,-75.1419,8,TRUE
"17","BATHPABT VERIZON PENNSYLVANIA, INC.",40.7245,-75.3893,9,TRUE
"18","PTLDPAXP COMMONWEALTH TELEPHONE COMPANY",40.921,-75.098,9,TRUE
"19","BATHPABT VERIZON PENNSYLVANIA, INC.",40.7245,-75.3893,10,TRUE
"20","RMNHPAXR COMMONWEALTH TELEPHONE COMPANY",40.8484,-75.1419,10,TRUE
"21","BHLHPA08 SERVICE ELECTRIC TELEPHONE, INC.",40.6521,-75.4219,11,TRUE
"22","PTLDPAXP COMMONWEALTH TELEPHONE COMPANY",40.921,-75.098,11,TRUE
"23","BHLHPA08 SERVICE ELECTRIC TELEPHONE, INC.",40.6521,-75.4219,12,TRUE
"24","RMNHPAXR COMMONWEALTH TELEPHONE COMPANY",40.8484,-75.1419,12,TRUE
"25","HVTPPA01 SERVICE ELECTRIC TELEPHONE, INC.",40.6451,-75.3988,13,TRUE
"26","PTLDPAXP COMMONWEALTH TELEPHONE COMPANY",40.921,-75.098,13,TRUE
"27","HVTPPA01 SERVICE ELECTRIC TELEPHONE, INC.",40.6451,-75.3988,14,TRUE
"28","RMNHPAXR COMMONWEALTH TELEPHONE COMPANY",40.8484,-75.1419,14,TRUE
"29","BHLBPABE VERIZON PENNSYLVANIA, INC.",40.6216,-75.3766,15,TRUE
"30","PTLDPAXP COMMONWEALTH TELEPHONE COMPANY",40.921,-75.098,15,TRUE
"31","BHLBPABE VERIZON PENNSYLVANIA, INC.",40.6216,-75.3766,16,TRUE
"32","RMNHPAXR COMMONWEALTH TELEPHONE COMPANY",40.8484,-75.1419,16,TRUE
"33","NZRTPANA VERIZON PENNSYLVANIA, INC.",40.741,-75.3062,17,TRUE
"34","ALTWPACY CHOICE ONE COMMUNICATIONS, INC.",40.5867,-75.6114,17,TRUE
"35","NZRTPANA VERIZON PENNSYLVANIA, INC.",40.741,-75.3062,18,TRUE
"36","MCNGPAXM VERIZON NORTH INC.-PA (CONTEL)",40.5181,-75.5581,18,TRUE
"37","FRKSPA01 SERVICE ELECTRIC TELEPHONE, INC.",40.7063,-75.2193,19,TRUE
"38","ALTWPACY CHOICE ONE COMMUNICATIONS, INC.",40.5867,-75.6114,19,TRUE
"39","FRKSPA01 SERVICE ELECTRIC TELEPHONE, INC.",40.7063,-75.2193,20,TRUE
"40","SLTTPAES VERIZON PENNSYLVANIA, INC.",40.75,-75.6112,20,TRUE
"41","ESTNPAEA VERIZON PENNSYLVANIA, INC.",40.6936,-75.2099,21,TRUE
"42","ALTWPACY CHOICE ONE COMMUNICATIONS, INC.",40.5867,-75.6114,21,TRUE
"43","ESTNPAEA VERIZON PENNSYLVANIA, INC.",40.6936,-75.2099,22,TRUE
"44","SLTTPAES VERIZON PENNSYLVANIA, INC.",40.75,-75.6112,22,TRUE
"45","HLTWPAHE VERIZON PENNSYLVANIA, INC.",40.5837,-75.3385,23,TRUE
"46","PTLDPAXP COMMONWEALTH TELEPHONE COMPANY",40.921,-75.098,23,TRUE
"47","HLTWPAHE VERIZON PENNSYLVANIA, INC.",40.5837,-75.3385,24,TRUE
"48","RMNHPAXR COMMONWEALTH TELEPHONE COMPANY",40.8484,-75.1419,24,TRUE
"49","SFTBPA01 SERVICE ELECTRIC TELEPHONE, INC.",40.5569,-75.2898,25,TRUE
"50","PTLDPAXP COMMONWEALTH TELEPHONE COMPANY",40.921,-75.098,25,TRUE
"51","SFTBPA01 SERVICE ELECTRIC TELEPHONE, INC.",40.5569,-75.2898,26,TRUE
"52","SLTTPAES VERIZON PENNSYLVANIA, INC.",40.75,-75.6112,26,TRUE
"53","USCNPA01 SERVICE ELECTRIC TELEPHONE, INC.",40.5324,-75.3581,27,TRUE
"54","PTLDPAXP COMMONWEALTH TELEPHONE COMPANY",40.921,-75.098,27,TRUE
"55","USCNPA01 SERVICE ELECTRIC TELEPHONE, INC.",40.5324,-75.3581,28,TRUE
"56","RMNHPAXR COMMONWEALTH TELEPHONE COMPANY",40.8484,-75.1419,28,TRUE
"57","PNARPAXP COMMONWEALTH TELEPHONE COMPANY",40.8673,-75.2585,29,TRUE
"58","MCNGPAXM VERIZON NORTH INC.-PA (CONTEL)",40.5181,-75.5581,29,TRUE
"59","PNARPAXP COMMONWEALTH TELEPHONE COMPANY",40.8673,-75.2585,30,TRUE
"60","ALTWPACY CHOICE ONE COMMUNICATIONS, INC.",40.5867,-75.6114,30,TRUE
"61","PTLDPAXP COMMONWEALTH TELEPHONE COMPANY",40.921,-75.098,31,TRUE
"62","ALTWPACY CHOICE ONE COMMUNICATIONS, INC.",40.5867,-75.6114,31,TRUE
"63","PTLDPAXP COMMONWEALTH TELEPHONE COMPANY",40.921,-75.098,32,TRUE
"64","MCNGPAXM VERIZON NORTH INC.-PA (CONTEL)",40.5181,-75.5581,32,TRUE
"65","ALTWPACS CCCPA, INC. DBA CONNECT!",40.6023,-75.4707,33,TRUE
"66","PTLDPAXP COMMONWEALTH TELEPHONE COMPANY",40.921,-75.098,33,TRUE
"67","ALTWPACS CCCPA, INC. DBA CONNECT!",40.6023,-75.4707,34,TRUE
"68","RMNHPAXR COMMONWEALTH TELEPHONE COMPANY",40.8484,-75.1419,34,TRUE
"69","ALTWPADT IRONTON TELEPHONE CO. SERVICE ELECTRIC TELEPHONE, INC.",40.6084,-75.4863,35,TRUE
"70","PTLDPAXP COMMONWEALTH TELEPHONE COMPANY",40.921,-75.098,35,TRUE
"71","ALTWPADT IRONTON TELEPHONE CO. SERVICE ELECTRIC TELEPHONE, INC.",40.6084,-75.4863,36,TRUE
"72","RMNHPAXR COMMONWEALTH TELEPHONE COMPANY",40.8484,-75.1419,36,TRUE
"73","ALTWPAAL CTSI, INC. - PA VERIZON PENNSYLVANIA, INC.",40.6031,-75.4765,37,TRUE
"74","PTLDPAXP COMMONWEALTH TELEPHONE COMPANY",40.921,-75.098,37,TRUE
"75","ALTWPAAL CTSI, INC. - PA VERIZON PENNSYLVANIA, INC.",40.6031,-75.4765,38,TRUE
"76","RMNHPAXR COMMONWEALTH TELEPHONE COMPANY",40.8484,-75.1419,38,TRUE
"77","ALTWPAMT VERIZON PENNSYLVANIA, INC.",40.5759,-75.4579,39,TRUE
"78","PTLDPAXP COMMONWEALTH TELEPHONE COMPANY",40.921,-75.098,39,TRUE
"79","ALTWPAMT VERIZON PENNSYLVANIA, INC.",40.5759,-75.4579,40,TRUE
"80","RMNHPAXR COMMONWEALTH TELEPHONE COMPANY",40.8484,-75.1419,40,TRUE
"81","ALTWPACY CHOICE ONE COMMUNICATIONS, INC.",40.5867,-75.6114,41,TRUE
"82","PTLDPAXP COMMONWEALTH TELEPHONE COMPANY",40.921,-75.098,41,TRUE
"83","ALTWPACY CHOICE ONE COMMUNICATIONS, INC.",40.5867,-75.6114,42,TRUE
"84","RMNHPAXR COMMONWEALTH TELEPHONE COMPANY",40.8484,-75.1419,42,TRUE
"85","ALTWPAAE XO PENNSYLVANIA, INC.",40.639,-75.4494,43,TRUE
"86","PTLDPAXP COMMONWEALTH TELEPHONE COMPANY",40.921,-75.098,43,TRUE
"87","ALTWPAAE XO PENNSYLVANIA, INC.",40.639,-75.4494,44,TRUE
"88","RMNHPAXR COMMONWEALTH TELEPHONE COMPANY",40.8484,-75.1419,44,TRUE
"89","CPBGPAXC COMMONWEALTH TELEPHONE COMPANY",40.5156,-75.3892,45,TRUE
"90","PTLDPAXP COMMONWEALTH TELEPHONE COMPANY",40.921,-75.098,45,TRUE
"91","CPBGPAXC COMMONWEALTH TELEPHONE COMPANY",40.5156,-75.3892,46,TRUE
"92","RMNHPAXR COMMONWEALTH TELEPHONE COMPANY",40.8484,-75.1419,46,TRUE
"93","EMMSPA01 SERVICE ELECTRIC TELEPHONE, INC.",40.5316,-75.5004,47,TRUE
"94","PTLDPAXP COMMONWEALTH TELEPHONE COMPANY",40.921,-75.098,47,TRUE
"95","EMMSPA01 SERVICE ELECTRIC TELEPHONE, INC.",40.5316,-75.5004,48,TRUE
"96","RMNHPAXR COMMONWEALTH TELEPHONE COMPANY",40.8484,-75.1419,48,TRUE
"97","EMMSPAXE VERIZON NORTH INC.-PA (CONTEL)",40.5326,-75.492,49,TRUE
"98","PTLDPAXP COMMONWEALTH TELEPHONE COMPANY",40.921,-75.098,49,TRUE
"99","EMMSPAXE VERIZON NORTH INC.-PA (CONTEL)",40.5326,-75.492,50,TRUE
"100","RMNHPAXR COMMONWEALTH TELEPHONE COMPANY",40.8484,-75.1419,50,TRUE
"101","FUTNPA01 SERVICE ELECTRIC TELEPHONE, INC.",40.6386,-75.4796,51,TRUE
"102","PTLDPAXP COMMONWEALTH TELEPHONE COMPANY",40.921,-75.098,51,TRUE
"103","FUTNPA01 SERVICE ELECTRIC TELEPHONE, INC.",40.6386,-75.4796,52,TRUE
"104","RMNHPAXR COMMONWEALTH TELEPHONE COMPANY",40.8484,-75.1419,52,TRUE
"105","MCNGPAXM VERIZON NORTH INC.-PA (CONTEL)",40.5181,-75.5581,53,TRUE
"106","PTLDPAXP COMMONWEALTH TELEPHONE COMPANY",40.921,-75.098,53,TRUE
"107","MCNGPAXM VERIZON NORTH INC.-PA (CONTEL)",40.5181,-75.5581,54,TRUE
"108","RMNHPAXR COMMONWEALTH TELEPHONE COMPANY",40.8484,-75.1419,54,TRUE
"109","SLTTPAES VERIZON PENNSYLVANIA, INC.",40.75,-75.6112,55,TRUE
"110","PTLDPAXP COMMONWEALTH TELEPHONE COMPANY",40.921,-75.098,55,TRUE
"111","SLTTPAES VERIZON PENNSYLVANIA, INC.",40.75,-75.6112,56,TRUE
"112","RMNHPAXR COMMONWEALTH TELEPHONE COMPANY",40.8484,-75.1419,56,TRUE
"113","BNGRPAXB COMMONWEALTH TELEPHONE COMPANY",40.8696,-75.2112,57,TRUE
"114","MCNGPAXM VERIZON NORTH INC.-PA (CONTEL)",40.5181,-75.5581,57,TRUE
"115","BNGRPAXB COMMONWEALTH TELEPHONE COMPANY",40.8696,-75.2112,58,TRUE
"116","ALTWPACY CHOICE ONE COMMUNICATIONS, INC.",40.5867,-75.6114,58,TRUE
"117","NATNPAAC BLUE LICENSES HOLDING, LLC",40.6041,-75.4681,59,TRUE
"118","PTLDPAXP COMMONWEALTH TELEPHONE COMPANY",40.921,-75.098,59,TRUE
"119","NATNPAAC BLUE LICENSES HOLDING, LLC",40.6041,-75.4681,60,TRUE
"120","RMNHPAXR COMMONWEALTH TELEPHONE COMPANY",40.8484,-75.1419,60,TRUE
"121","PTLDPAXP COMMONWEALTH TELEPHONE COMPANY",40.921,-75.098,61,TRUE
"122","1025765 New Cingular Wireless Pcs LLC (AT&T)",40.458056,-75.695417,61,FALSE
"123","RMNHPAXR COMMONWEALTH TELEPHONE COMPANY",40.8484,-75.1419,62,TRUE
"124","1025765 New Cingular Wireless Pcs LLC (AT&T)",40.458056,-75.695417,62,FALSE
"125","BNGRPAXB COMMONWEALTH TELEPHONE COMPANY",40.8696,-75.2112,63,TRUE
"126","1025765 New Cingular Wireless Pcs LLC (AT&T)",40.458056,-75.695417,63,FALSE
"127","PTLDPAXP COMMONWEALTH TELEPHONE COMPANY",40.921,-75.098,64,TRUE
"128","1200419 Pennsylvania Turnpike Commission",40.769528,-75.694333,64,FALSE
"129","RMNHPAXR COMMONWEALTH TELEPHONE COMPANY",40.8484,-75.1419,65,TRUE
"130","1200419 Pennsylvania Turnpike Commission",40.769528,-75.694333,65,FALSE
"131","BNGRPAXB COMMONWEALTH TELEPHONE COMPANY",40.8696,-75.2112,66,TRUE
"132","1200419 Pennsylvania Turnpike Commission",40.769528,-75.694333,66,FALSE
"133","PTLDPAXP COMMONWEALTH TELEPHONE COMPANY",40.921,-75.098,67,TRUE
"134","1026939 Global Signals Acquisition LLC",40.8175,-75.6925,67,FALSE
"135","RMNHPAXR COMMONWEALTH TELEPHONE COMPANY",40.8484,-75.1419,68,TRUE
"136","1026939 Global Signals Acquisition LLC",40.8175,-75.6925,68,FALSE
"137","ESTNPAEA VERIZON PENNSYLVANIA, INC.",40.6936,-75.2099,69,TRUE
"138","1026939 Global Signals Acquisition LLC",40.8175,-75.6925,69,FALSE
"139","PTLDPAXP COMMONWEALTH TELEPHONE COMPANY",40.921,-75.098,70,TRUE
"140","1026938 Global Signals Acquisition LLC",40.8175,-75.691944,70,FALSE
"141","RMNHPAXR COMMONWEALTH TELEPHONE COMPANY",40.8484,-75.1419,71,TRUE
"142","1026938 Global Signals Acquisition LLC",40.8175,-75.691944,71,FALSE
"143","ESTNPAEA VERIZON PENNSYLVANIA, INC.",40.6936,-75.2099,72,TRUE
"144","1026938 Global Signals Acquisition LLC",40.8175,-75.691944,72,FALSE
"145","PTLDPAXP COMMONWEALTH TELEPHONE COMPANY",40.921,-75.098,73,TRUE
"146","1026939 Global Signals Acquisition LLC",40.8175,-75.691944,73,FALSE
"147","RMNHPAXR COMMONWEALTH TELEPHONE COMPANY",40.8484,-75.1419,74,TRUE
"148","1026939 Global Signals Acquisition LLC",40.8175,-75.691944,74,FALSE
"149","ESTNPAEA VERIZON PENNSYLVANIA, INC.",40.6936,-75.2099,75,TRUE
"150","1026939 Global Signals Acquisition LLC",40.8175,-75.691944,75,FALSE
"151","PTLDPAXP COMMONWEALTH TELEPHONE COMPANY",40.921,-75.098,76,TRUE
"152","1026940 Global Signals Acquisition LLC",40.8175,-75.691944,76,FALSE
"153","RMNHPAXR COMMONWEALTH TELEPHONE COMPANY",40.8484,-75.1419,77,TRUE
"154","1026940 Global Signals Acquisition LLC",40.8175,-75.691944,77,FALSE
"155","ESTNPAEA VERIZON PENNSYLVANIA, INC.",40.6936,-75.2099,78,TRUE
"156","1026940 Global Signals Acquisition LLC",40.8175,-75.691944,78,FALSE
"157","PTLDPAXP COMMONWEALTH TELEPHONE COMPANY",40.921,-75.098,79,TRUE
"158","1026938 Global Signals Acquisition LLC",40.8175,-75.691389,79,FALSE
"159","RMNHPAXR COMMONWEALTH TELEPHONE COMPANY",40.8484,-75.1419,80,TRUE
"160","1026938 Global Signals Acquisition LLC",40.8175,-75.691389,80,FALSE
"161","ESTNPAEA VERIZON PENNSYLVANIA, INC.",40.6936,-75.2099,81,TRUE
"162","1026938 Global Signals Acquisition LLC",40.8175,-75.691389,81,FALSE
"163","PTLDPAXP COMMONWEALTH TELEPHONE COMPANY",40.921,-75.098,82,TRUE
"164","1026940 Global Signals Acquisition LLC",40.816944,-75.691389,82,FALSE
"165","RMNHPAXR COMMONWEALTH TELEPHONE COMPANY",40.8484,-75.1419,83,TRUE
"166","1026940 Global Signals Acquisition LLC",40.816944,-75.691389,83,FALSE
"167","ESTNPAEA VERIZON PENNSYLVANIA, INC.",40.6936,-75.2099,84,TRUE
"168","1026940 Global Signals Acquisition LLC",40.816944,-75.691389,84,FALSE
"169","PTLDPAXP COMMONWEALTH TELEPHONE COMPANY",40.921,-75.098,85,TRUE
"170","1237140 American Towers LLC",40.83025,-75.6885,85,FALSE
"171","RMNHPAXR COMMONWEALTH TELEPHONE COMPANY",40.8484,-75.1419,86,TRUE
"172","1237140 American Towers LLC",40.83025,-75.6885,86,FALSE
"173","ESTNPAEA VERIZON PENNSYLVANIA, INC.",40.6936,-75.2099,87,TRUE
"174","1237140 American Towers LLC",40.83025,-75.6885,87,FALSE
"175","PTLDPAXP COMMONWEALTH TELEPHONE COMPANY",40.921,-75.098,88,TRUE
"176","1237736 Sba Properties LLC",40.814778,-75.682222,88,FALSE
"177","RMNHPAXR COMMONWEALTH TELEPHONE COMPANY",40.8484,-75.1419,89,TRUE
"178","1237736 Sba Properties LLC",40.814778,-75.682222,89,FALSE
"179","ESTNPAEA VERIZON PENNSYLVANIA, INC.",40.6936,-75.2099,90,TRUE
"180","1237736 Sba Properties LLC",40.814778,-75.682222,90,FALSE
"181","PTLDPAXP COMMONWEALTH TELEPHONE COMPANY",40.921,-75.098,91,TRUE
"182","1025086 Commonwealth Of Pennsylvania State Police",40.904167,-75.680833,91,FALSE
"183","RMNHPAXR COMMONWEALTH TELEPHONE COMPANY",40.8484,-75.1419,92,TRUE
"184","1025086 Commonwealth Of Pennsylvania State Police",40.904167,-75.680833,92,FALSE
"185","SFTBPA01 SERVICE ELECTRIC TELEPHONE, INC.",40.5569,-75.2898,93,TRUE
"186","1025086 Commonwealth Of Pennsylvania State Police",40.904167,-75.680833,93,FALSE
"187","PTLDPAXP COMMONWEALTH TELEPHONE COMPANY",40.921,-75.098,94,TRUE
"188","1032557 AT&T Corp",40.473111,-75.6735,94,FALSE
"189","RMNHPAXR COMMONWEALTH TELEPHONE COMPANY",40.8484,-75.1419,95,TRUE
"190","1032557 AT&T Corp",40.473111,-75.6735,95,FALSE
"191","BNGRPAXB COMMONWEALTH TELEPHONE COMPANY",40.8696,-75.2112,96,TRUE
"192","1032557 AT&T Corp",40.473111,-75.6735,96,FALSE
"193","PTLDPAXP COMMONWEALTH TELEPHONE COMPANY",40.921,-75.098,97,TRUE
"194","1203218 Spectrasite Communications LLC. Through American Towers LLC.",40.669722,-75.663333,97,FALSE
"195","RMNHPAXR COMMONWEALTH TELEPHONE COMPANY",40.8484,-75.1419,98,TRUE
"196","1203218 Spectrasite Communications LLC. Through American Towers LLC.",40.669722,-75.663333,98,FALSE
"197","BNGRPAXB COMMONWEALTH TELEPHONE COMPANY",40.8696,-75.2112,99,TRUE
"198","1203218 Spectrasite Communications LLC. Through American Towers LLC.",40.669722,-75.663333,99,FALSE
"199","PTLDPAXP COMMONWEALTH TELEPHONE COMPANY",40.921,-75.098,100,TRUE
"200","1231637 American Towers LLC",40.861556,-75.662333,100,FALSE
"201","RMNHPAXR COMMONWEALTH TELEPHONE COMPANY",40.8484,-75.1419,101,TRUE
"202","1231637 American Towers LLC",40.861556,-75.662333,101,FALSE
"203","ESTNPAEA VERIZON PENNSYLVANIA, INC.",40.6936,-75.2099,102,TRUE
"204","1231637 American Towers LLC",40.861556,-75.662333,102,FALSE
"205","PTLDPAXP COMMONWEALTH TELEPHONE COMPANY",40.921,-75.098,103,TRUE
"206","1234611 Spectrasite Communications LLC. Through American Towers LLC.",40.622778,-75.649167,103,FALSE
"207","RMNHPAXR COMMONWEALTH TELEPHONE COMPANY",40.8484,-75.1419,104,TRUE
"208","1234611 Spectrasite Communications LLC. Through American Towers LLC.",40.622778,-75.649167,104,FALSE
"209","BNGRPAXB COMMONWEALTH TELEPHONE COMPANY",40.8696,-75.2112,105,TRUE
"210","1234611 Spectrasite Communications LLC. Through American Towers LLC.",40.622778,-75.649167,105,FALSE
"211","PTLDPAXP COMMONWEALTH TELEPHONE COMPANY",40.921,-75.098,106,TRUE
"212","1044370 Crown Atlantic Company LLC. ",40.780417,-75.647139,106,FALSE
"213","RMNHPAXR COMMONWEALTH TELEPHONE COMPANY",40.8484,-75.1419,107,TRUE
"214","1044370 Crown Atlantic Company LLC. ",40.780417,-75.647139,107,FALSE
"215","ESTNPAEA VERIZON PENNSYLVANIA, INC.",40.6936,-75.2099,108,TRUE
"216","1044370 Crown Atlantic Company LLC. ",40.780417,-75.647139,108,FALSE
"217","PTLDPAXP COMMONWEALTH TELEPHONE COMPANY",40.921,-75.098,109,TRUE
"218","1025982 Blue Ridge Cable Technologies Inc. ",40.829167,-75.646944,109,FALSE
"219","RMNHPAXR COMMONWEALTH TELEPHONE COMPANY",40.8484,-75.1419,110,TRUE
"220","1025982 Blue Ridge Cable Technologies Inc. ",40.829167,-75.646944,110,FALSE
"221","ESTNPAEA VERIZON PENNSYLVANIA, INC.",40.6936,-75.2099,111,TRUE
"222","1025982 Blue Ridge Cable Technologies Inc. ",40.829167,-75.646944,111,FALSE
"223","PTLDPAXP COMMONWEALTH TELEPHONE COMPANY",40.921,-75.098,112,TRUE
"224","1230331 Pennsylvania Turnpike Commission",40.766472,-75.643056,112,FALSE
"225","RMNHPAXR COMMONWEALTH TELEPHONE COMPANY",40.8484,-75.1419,113,TRUE
"226","1230331 Pennsylvania Turnpike Commission",40.766472,-75.643056,113,FALSE
"227","BNGRPAXB COMMONWEALTH TELEPHONE COMPANY",40.8696,-75.2112,114,TRUE
"228","1230331 Pennsylvania Turnpike Commission",40.766472,-75.643056,114,FALSE
"229","PTLDPAXP COMMONWEALTH TELEPHONE COMPANY",40.921,-75.098,115,TRUE
"230","1211001 Sba 2012 Tc Assets LLC",40.767722,-75.638583,115,FALSE
"231","RMNHPAXR COMMONWEALTH TELEPHONE COMPANY",40.8484,-75.1419,116,TRUE
"232","1211001 Sba 2012 Tc Assets LLC",40.767722,-75.638583,116,FALSE
"233","BNGRPAXB COMMONWEALTH TELEPHONE COMPANY",40.8696,-75.2112,117,TRUE
"234","1211001 Sba 2012 Tc Assets LLC",40.767722,-75.638583,117,FALSE
"235","PTLDPAXP COMMONWEALTH TELEPHONE COMPANY",40.921,-75.098,118,TRUE
"236","1269792 Sba 2012 Tc Assets LLC",40.673806,-75.635833,118,FALSE
"237","RMNHPAXR COMMONWEALTH TELEPHONE COMPANY",40.8484,-75.1419,119,TRUE
"238","1269792 Sba 2012 Tc Assets LLC",40.673806,-75.635833,119,FALSE
"239","BNGRPAXB COMMONWEALTH TELEPHONE COMPANY",40.8696,-75.2112,120,TRUE
"240","1269792 Sba 2012 Tc Assets LLC",40.673806,-75.635833,120,FALSE
"241","PTLDPAXP COMMONWEALTH TELEPHONE COMPANY",40.921,-75.098,121,TRUE
"242","1266604 Sba 2012 Tc Assets LLC",40.4745,-75.631639,121,FALSE
"243","RMNHPAXR COMMONWEALTH TELEPHONE COMPANY",40.8484,-75.1419,122,TRUE
"244","1266604 Sba 2012 Tc Assets LLC",40.4745,-75.631639,122,FALSE
"245","BNGRPAXB COMMONWEALTH TELEPHONE COMPANY",40.8696,-75.2112,123,TRUE
"246","1266604 Sba 2012 Tc Assets LLC",40.4745,-75.631639,123,FALSE
"247","PTLDPAXP COMMONWEALTH TELEPHONE COMPANY",40.921,-75.098,124,TRUE
"248","1213069 Sba Properties LLC",40.879694,-75.615583,124,FALSE
"249","RMNHPAXR COMMONWEALTH TELEPHONE COMPANY",40.8484,-75.1419,125,TRUE
"250","1213069 Sba Properties LLC",40.879694,-75.615583,125,FALSE
"251","SFTBPA01 SERVICE ELECTRIC TELEPHONE, INC.",40.5569,-75.2898,126,TRUE
"252","1213069 Sba Properties LLC",40.879694,-75.615583,126,FALSE
"253","PTLDPAXP COMMONWEALTH TELEPHONE COMPANY",40.921,-75.098,127,TRUE
"254","1288583 New Cingular Wireless Pcs LLC (AT&T)",40.694917,-75.608556,127,FALSE
"255","RMNHPAXR COMMONWEALTH TELEPHONE COMPANY",40.8484,-75.1419,128,TRUE
"256","1288583 New Cingular Wireless Pcs LLC (AT&T)",40.694917,-75.608556,128,FALSE
"257","BNGRPAXB COMMONWEALTH TELEPHONE COMPANY",40.8696,-75.2112,129,TRUE
"258","1288583 New Cingular Wireless Pcs LLC (AT&T)",40.694917,-75.608556,129,FALSE
"259","PTLDPAXP COMMONWEALTH TELEPHONE COMPANY",40.921,-75.098,130,TRUE
"260","1287813 New Cingular Wireless Pcs LLC (AT&T)",40.666056,-75.604028,130,FALSE
"261","RMNHPAXR COMMONWEALTH TELEPHONE COMPANY",40.8484,-75.1419,131,TRUE
"262","1287813 New Cingular Wireless Pcs LLC (AT&T)",40.666056,-75.604028,131,FALSE
"263","BNGRPAXB COMMONWEALTH TELEPHONE COMPANY",40.8696,-75.2112,132,TRUE
"264","1287813 New Cingular Wireless Pcs LLC (AT&T)",40.666056,-75.604028,132,FALSE
"265","PTLDPAXP COMMONWEALTH TELEPHONE COMPANY",40.921,-75.098,133,TRUE
"266","1044271 American Towers LLC",40.583306,-75.602333,133,FALSE
"267","RMNHPAXR COMMONWEALTH TELEPHONE COMPANY",40.8484,-75.1419,134,TRUE
"268","1044271 American Towers LLC",40.583306,-75.602333,134,FALSE
"269","BNGRPAXB COMMONWEALTH TELEPHONE COMPANY",40.8696,-75.2112,135,TRUE
"270","1044271 American Towers LLC",40.583306,-75.602333,135,FALSE
"271","PTLDPAXP COMMONWEALTH TELEPHONE COMPANY",40.921,-75.098,136,TRUE
"272","1027009 Felhc ",40.429444,-75.595278,136,FALSE
"273","RMNHPAXR COMMONWEALTH TELEPHONE COMPANY",40.8484,-75.1419,137,TRUE
"274","1027009 Felhc ",40.429444,-75.595278,137,FALSE
"275","BNGRPAXB COMMONWEALTH TELEPHONE COMPANY",40.8696,-75.2112,138,TRUE
"276","1027009 Felhc ",40.429444,-75.595278,138,FALSE
"277","PTLDPAXP COMMONWEALTH TELEPHONE COMPANY",40.921,-75.098,139,TRUE
"278","1241553 Capstar Radio Operating Co",40.720361,-75.595167,139,FALSE
"279","RMNHPAXR COMMONWEALTH TELEPHONE COMPANY",40.8484,-75.1419,140,TRUE
"280","1241553 Capstar Radio Operating Co",40.720361,-75.595167,140,FALSE
"281","BNGRPAXB COMMONWEALTH TELEPHONE COMPANY",40.8696,-75.2112,141,TRUE
"282","1241553 Capstar Radio Operating Co",40.720361,-75.595167,141,FALSE
"283","PTLDPAXP COMMONWEALTH TELEPHONE COMPANY",40.921,-75.098,142,TRUE
"284","1281239 Berks County of",40.429667,-75.594361,142,FALSE
"285","RMNHPAXR COMMONWEALTH TELEPHONE COMPANY",40.8484,-75.1419,143,TRUE
"286","1281239 Berks County of",40.429667,-75.594361,143,FALSE
"287","BNGRPAXB COMMONWEALTH TELEPHONE COMPANY",40.8696,-75.2112,144,TRUE
"288","1281239 Berks County of",40.429667,-75.594361,144,FALSE
"289","PTLDPAXP COMMONWEALTH TELEPHONE COMPANY",40.921,-75.098,145,TRUE
"290","1217394 New Cingular Wireless Pcs LLC (AT&T)",40.752111,-75.594028,145,FALSE
"291","RMNHPAXR COMMONWEALTH TELEPHONE COMPANY",40.8484,-75.1419,146,TRUE
"292","1217394 New Cingular Wireless Pcs LLC (AT&T)",40.752111,-75.594028,146,FALSE
"293","BNGRPAXB COMMONWEALTH TELEPHONE COMPANY",40.8696,-75.2112,147,TRUE
"294","1217394 New Cingular Wireless Pcs LLC (AT&T)",40.752111,-75.594028,147,FALSE
"295","PTLDPAXP COMMONWEALTH TELEPHONE COMPANY",40.921,-75.098,148,TRUE
"296","1279231 Stc Five LLC",40.513639,-75.588778,148,FALSE
"297","RMNHPAXR COMMONWEALTH TELEPHONE COMPANY",40.8484,-75.1419,149,TRUE
"298","1279231 Stc Five LLC",40.513639,-75.588778,149,FALSE
"299","BNGRPAXB COMMONWEALTH TELEPHONE COMPANY",40.8696,-75.2112,150,TRUE
"300","1279231 Stc Five LLC",40.513639,-75.588778,150,FALSE
"301","PTLDPAXP COMMONWEALTH TELEPHONE COMPANY",40.921,-75.098,151,TRUE
"302","1276406 New Cingular Wireless Pcs LLC (AT&T)",40.525833,-75.545694,151,FALSE
"303","RMNHPAXR COMMONWEALTH TELEPHONE COMPANY",40.8484,-75.1419,152,TRUE
"304","1276406 New Cingular Wireless Pcs LLC (AT&T)",40.525833,-75.545694,152,FALSE
"305","BNGRPAXB COMMONWEALTH TELEPHONE COMPANY",40.8696,-75.2112,153,TRUE
"306","1276406 New Cingular Wireless Pcs LLC (AT&T)",40.525833,-75.545694,153,FALSE
"307","PTLDPAXP COMMONWEALTH TELEPHONE COMPANY",40.921,-75.098,154,TRUE
"308","1208514 Crown Atlantic Company LLC. ",40.559528,-75.544694,154,FALSE
"309","RMNHPAXR COMMONWEALTH TELEPHONE COMPANY",40.8484,-75.1419,155,TRUE
"310","1208514 Crown Atlantic Company LLC. ",40.559528,-75.544694,155,FALSE
"311","BNGRPAXB COMMONWEALTH TELEPHONE COMPANY",40.8696,-75.2112,156,TRUE
"312","1208514 Crown Atlantic Company LLC. ",40.559528,-75.544694,156,FALSE
"313","PTLDPAXP COMMONWEALTH TELEPHONE COMPANY",40.921,-75.098,157,TRUE
"314","1232192 Jeras Corp",40.638556,-75.539056,157,FALSE
"315","RMNHPAXR COMMONWEALTH TELEPHONE COMPANY",40.8484,-75.1419,158,TRUE
"316","1232192 Jeras Corp",40.638556,-75.539056,158,FALSE
"317","BNGRPAXB COMMONWEALTH TELEPHONE COMPANY",40.8696,-75.2112,159,TRUE
"318","1232192 Jeras Corp",40.638556,-75.539056,159,FALSE
"319","PTLDPAXP COMMONWEALTH TELEPHONE COMPANY",40.921,-75.098,160,TRUE
"320","1272999 Sba 2012 Tc Assets LLC",40.759444,-75.538333,160,FALSE
"321","RMNHPAXR COMMONWEALTH TELEPHONE COMPANY",40.8484,-75.1419,161,TRUE
"322","1272999 Sba 2012 Tc Assets LLC",40.759444,-75.538333,161,FALSE
"323","BNGRPAXB COMMONWEALTH TELEPHONE COMPANY",40.8696,-75.2112,162,TRUE
"324","1272999 Sba 2012 Tc Assets LLC",40.759444,-75.538333,162,FALSE
"325","PTLDPAXP COMMONWEALTH TELEPHONE COMPANY",40.921,-75.098,163,TRUE
"326","1246537 Allentown SMSA LP (Verizon) ",40.619389,-75.527639,163,FALSE
"327","RMNHPAXR COMMONWEALTH TELEPHONE COMPANY",40.8484,-75.1419,164,TRUE
"328","1246537 Allentown SMSA LP (Verizon) ",40.619389,-75.527639,164,FALSE
"329","BNGRPAXB COMMONWEALTH TELEPHONE COMPANY",40.8696,-75.2112,165,TRUE
"330","1246537 Allentown SMSA LP (Verizon) ",40.619389,-75.527639,165,FALSE
"331","PTLDPAXP COMMONWEALTH TELEPHONE COMPANY",40.921,-75.098,166,TRUE
"332","1274669 Spectrasite Communications LLC. Through American Towers LLC.",40.682972,-75.523139,166,FALSE
"333","RMNHPAXR COMMONWEALTH TELEPHONE COMPANY",40.8484,-75.1419,167,TRUE
"334","1274669 Spectrasite Communications LLC. Through American Towers LLC.",40.682972,-75.523139,167,FALSE
"335","BNGRPAXB COMMONWEALTH TELEPHONE COMPANY",40.8696,-75.2112,168,TRUE
"336","1274669 Spectrasite Communications LLC. Through American Towers LLC.",40.682972,-75.523139,168,FALSE
"337","PTLDPAXP COMMONWEALTH TELEPHONE COMPANY",40.921,-75.098,169,TRUE
"338","1025760 New Cingular Wireless Pcs LLC (AT&T)",40.667222,-75.530667,169,FALSE
"339","RMNHPAXR COMMONWEALTH TELEPHONE COMPANY",40.8484,-75.1419,170,TRUE
"340","1025760 New Cingular Wireless Pcs LLC (AT&T)",40.667222,-75.530667,170,FALSE
"341","BNGRPAXB COMMONWEALTH TELEPHONE COMPANY",40.8696,-75.2112,171,TRUE
"342","1025760 New Cingular Wireless Pcs LLC (AT&T)",40.667222,-75.530667,171,FALSE
"343","PTLDPAXP COMMONWEALTH TELEPHONE COMPANY",40.921,-75.098,172,TRUE
"344","1225350 Tower Assets Newco II LLC",40.663667,-75.519972,172,FALSE
"345","RMNHPAXR COMMONWEALTH TELEPHONE COMPANY",40.8484,-75.1419,173,TRUE
"346","1225350 Tower Assets Newco II LLC",40.663667,-75.519972,173,FALSE
"347","BNGRPAXB COMMONWEALTH TELEPHONE COMPANY",40.8696,-75.2112,174,TRUE
"348","1225350 Tower Assets Newco II LLC",40.663667,-75.519972,174,FALSE
"349","PTLDPAXP COMMONWEALTH TELEPHONE COMPANY",40.921,-75.098,175,TRUE
"350","1276001 T-Mobile Usa Tower LLC",40.686806,-75.519167,175,FALSE
"351","RMNHPAXR COMMONWEALTH TELEPHONE COMPANY",40.8484,-75.1419,176,TRUE
"352","1276001 T-Mobile Usa Tower LLC",40.686806,-75.519167,176,FALSE
"353","BNGRPAXB COMMONWEALTH TELEPHONE COMPANY",40.8696,-75.2112,177,TRUE
"354","1276001 T-Mobile Usa Tower LLC",40.686806,-75.519167,177,FALSE
"355","SFTBPA01 SERVICE ELECTRIC TELEPHONE, INC.",40.5569,-75.2898,178,TRUE
"356","1254682 New Cingular Wireless Pcs LLC (AT&T)",40.941417,-75.518139,178,FALSE
"357","CPBGPAXC COMMONWEALTH TELEPHONE COMPANY",40.5156,-75.3892,179,TRUE
"358","1254682 New Cingular Wireless Pcs LLC (AT&T)",40.941417,-75.518139,179,FALSE
"359","USCNPA01 SERVICE ELECTRIC TELEPHONE, INC.",40.5324,-75.3581,180,TRUE
"360","1254682 New Cingular Wireless Pcs LLC (AT&T)",40.941417,-75.518139,180,FALSE
"361","PTLDPAXP COMMONWEALTH TELEPHONE COMPANY",40.921,-75.098,181,TRUE
"362","1237827 Stc Five LLC (SPRINT)",40.562667,-75.516861,181,FALSE
"363","RMNHPAXR COMMONWEALTH TELEPHONE COMPANY",40.8484,-75.1419,182,TRUE
"364","1237827 Stc Five LLC (SPRINT)",40.562667,-75.516861,182,FALSE
"365","BNGRPAXB COMMONWEALTH TELEPHONE COMPANY",40.8696,-75.2112,183,TRUE
"366","1237827 Stc Five LLC (SPRINT)",40.562667,-75.516861,183,FALSE
"367","PTLDPAXP COMMONWEALTH TELEPHONE COMPANY",40.921,-75.098,184,TRUE
"368","1031111 Capstar Radio Operating Co",40.661083,-75.515333,184,FALSE
"369","RMNHPAXR COMMONWEALTH TELEPHONE COMPANY",40.8484,-75.1419,185,TRUE
"370","1031111 Capstar Radio Operating Co",40.661083,-75.515333,185,FALSE
"371","BNGRPAXB COMMONWEALTH TELEPHONE COMPANY",40.8696,-75.2112,186,TRUE
"372","1031111 Capstar Radio Operating Co",40.661083,-75.515333,186,FALSE
"373","PTLDPAXP COMMONWEALTH TELEPHONE COMPANY",40.921,-75.098,187,TRUE
"374","1031110 Capstar Radio Operating Co",40.660556,-75.514444,187,FALSE
"375","RMNHPAXR COMMONWEALTH TELEPHONE COMPANY",40.8484,-75.1419,188,TRUE
"376","1031110 Capstar Radio Operating Co",40.660556,-75.514444,188,FALSE
"377","BNGRPAXB COMMONWEALTH TELEPHONE COMPANY",40.8696,-75.2112,189,TRUE
"378","1031110 Capstar Radio Operating Co",40.660556,-75.514444,189,FALSE
"379","PTLDPAXP COMMONWEALTH TELEPHONE COMPANY",40.921,-75.098,190,TRUE
"380","1247887 Allentown SMSA LP (Verizon) ",40.5665,-75.514167,190,FALSE
"381","RMNHPAXR COMMONWEALTH TELEPHONE COMPANY",40.8484,-75.1419,191,TRUE
"382","1247887 Allentown SMSA LP (Verizon) ",40.5665,-75.514167,191,FALSE
"383","BNGRPAXB COMMONWEALTH TELEPHONE COMPANY",40.8696,-75.2112,192,TRUE
"384","1247887 Allentown SMSA LP (Verizon) ",40.5665,-75.514167,192,FALSE
"385","PTLDPAXP COMMONWEALTH TELEPHONE COMPANY",40.921,-75.098,193,TRUE
"386","1031111 Capstar Radio Operating Co",40.660278,-75.513889,193,FALSE
"387","RMNHPAXR COMMONWEALTH TELEPHONE COMPANY",40.8484,-75.1419,194,TRUE
"388","1031111 Capstar Radio Operating Co",40.660278,-75.513889,194,FALSE
"389","BNGRPAXB COMMONWEALTH TELEPHONE COMPANY",40.8696,-75.2112,195,TRUE
"390","1031111 Capstar Radio Operating Co",40.660278,-75.513889,195,FALSE
"391","PTLDPAXP COMMONWEALTH TELEPHONE COMPANY",40.921,-75.098,196,TRUE
"392","1031107 Capstar Radio Operating Co",40.660278,-75.513889,196,FALSE
"393","RMNHPAXR COMMONWEALTH TELEPHONE COMPANY",40.8484,-75.1419,197,TRUE
"394","1031107 Capstar Radio Operating Co",40.660278,-75.513889,197,FALSE
"395","BNGRPAXB COMMONWEALTH TELEPHONE COMPANY",40.8696,-75.2112,198,TRUE
"396","1031107 Capstar Radio Operating Co",40.660278,-75.513889,198,FALSE
"397","PTLDPAXP COMMONWEALTH TELEPHONE COMPANY",40.921,-75.098,199,TRUE
"398","1031110 Capstar Radio Operating Co",40.660278,-75.513889,199,FALSE
"399","RMNHPAXR COMMONWEALTH TELEPHONE COMPANY",40.8484,-75.1419,200,TRUE
"400","1031110 Capstar Radio Operating Co",40.660278,-75.513889,200,FALSE
"401","BNGRPAXB COMMONWEALTH TELEPHONE COMPANY",40.8696,-75.2112,201,TRUE
"402","1031110 Capstar Radio Operating Co",40.660278,-75.513889,201,FALSE
"403","PTLDPAXP COMMONWEALTH TELEPHONE COMPANY",40.921,-75.098,202,TRUE
"404","1031109 Capstar Radio Operating Co",40.660278,-75.513889,202,FALSE
"405","RMNHPAXR COMMONWEALTH TELEPHONE COMPANY",40.8484,-75.1419,203,TRUE
"406","1031109 Capstar Radio Operating Co",40.660278,-75.513889,203,FALSE
"407","BNGRPAXB COMMONWEALTH TELEPHONE COMPANY",40.8696,-75.2112,204,TRUE
"408","1031109 Capstar Radio Operating Co",40.660278,-75.513889,204,FALSE
"409","PTLDPAXP COMMONWEALTH TELEPHONE COMPANY",40.921,-75.098,205,TRUE
"410","1031108 Capstar Radio Operating Co",40.660278,-75.513889,205,FALSE
"411","RMNHPAXR COMMONWEALTH TELEPHONE COMPANY",40.8484,-75.1419,206,TRUE
"412","1031108 Capstar Radio Operating Co",40.660278,-75.513889,206,FALSE
"413","BNGRPAXB COMMONWEALTH TELEPHONE COMPANY",40.8696,-75.2112,207,TRUE
"414","1031108 Capstar Radio Operating Co",40.660278,-75.513889,207,FALSE
"415","PTLDPAXP COMMONWEALTH TELEPHONE COMPANY",40.921,-75.098,208,TRUE
"416","1031109 Capstar Radio Operating Co",40.660278,-75.513611,208,FALSE
"417","RMNHPAXR COMMONWEALTH TELEPHONE COMPANY",40.8484,-75.1419,209,TRUE
"418","1031109 Capstar Radio Operating Co",40.660278,-75.513611,209,FALSE
"419","BNGRPAXB COMMONWEALTH TELEPHONE COMPANY",40.8696,-75.2112,210,TRUE
"420","1031109 Capstar Radio Operating Co",40.660278,-75.513611,210,FALSE
"421","PTLDPAXP COMMONWEALTH TELEPHONE COMPANY",40.921,-75.098,211,TRUE
"422","1031108 Capstar Radio Operating Co",40.659444,-75.5125,211,FALSE
"423","RMNHPAXR COMMONWEALTH TELEPHONE COMPANY",40.8484,-75.1419,212,TRUE
"424","1031108 Capstar Radio Operating Co",40.659444,-75.5125,212,FALSE
"425","BNGRPAXB COMMONWEALTH TELEPHONE COMPANY",40.8696,-75.2112,213,TRUE
"426","1031108 Capstar Radio Operating Co",40.659444,-75.5125,213,FALSE
"427","PTLDPAXP COMMONWEALTH TELEPHONE COMPANY",40.921,-75.098,214,TRUE
"428","1063978 New Cingular Wireless Pcs LLC (AT&T)",40.525611,-75.512361,214,FALSE
"429","RMNHPAXR COMMONWEALTH TELEPHONE COMPANY",40.8484,-75.1419,215,TRUE
"430","1063978 New Cingular Wireless Pcs LLC (AT&T)",40.525611,-75.512361,215,FALSE
"431","BNGRPAXB COMMONWEALTH TELEPHONE COMPANY",40.8696,-75.2112,216,TRUE
"432","1063978 New Cingular Wireless Pcs LLC (AT&T)",40.525611,-75.512361,216,FALSE
"433","PTLDPAXP COMMONWEALTH TELEPHONE COMPANY",40.921,-75.098,217,TRUE
"434","1242824 Commonwealth Of Pennsylvania",40.575028,-75.51225,217,FALSE
"435","RMNHPAXR COMMONWEALTH TELEPHONE COMPANY",40.8484,-75.1419,218,TRUE
"436","1242824 Commonwealth Of Pennsylvania",40.575028,-75.51225,218,FALSE
"437","BNGRPAXB COMMONWEALTH TELEPHONE COMPANY",40.8696,-75.2112,219,TRUE
"438","1242824 Commonwealth Of Pennsylvania",40.575028,-75.51225,219,FALSE
"439","PTLDPAXP COMMONWEALTH TELEPHONE COMPANY",40.921,-75.098,220,TRUE
"440","1031107 Capstar Radio Operating Co",40.658889,-75.511389,220,FALSE
"441","RMNHPAXR COMMONWEALTH TELEPHONE COMPANY",40.8484,-75.1419,221,TRUE
"442","1031107 Capstar Radio Operating Co",40.658889,-75.511389,221,FALSE
"443","BNGRPAXB COMMONWEALTH TELEPHONE COMPANY",40.8696,-75.2112,222,TRUE
"444","1031107 Capstar Radio Operating Co",40.658889,-75.511389,222,FALSE
"445","PTLDPAXP COMMONWEALTH TELEPHONE COMPANY",40.921,-75.098,223,TRUE
"446","1231753 Spectrasite Communications LLC. Through American Towers LLC.",40.495278,-75.509778,223,FALSE
"447","RMNHPAXR COMMONWEALTH TELEPHONE COMPANY",40.8484,-75.1419,224,TRUE
"448","1231753 Spectrasite Communications LLC. Through American Towers LLC.",40.495278,-75.509778,224,FALSE
"449","BNGRPAXB COMMONWEALTH TELEPHONE COMPANY",40.8696,-75.2112,225,TRUE
"450","1231753 Spectrasite Communications LLC. Through American Towers LLC.",40.495278,-75.509778,225,FALSE
"451","PTLDPAXP COMMONWEALTH TELEPHONE COMPANY",40.921,-75.098,226,TRUE
"452","1243424 Sba Towers II LLC",40.672472,-75.499361,226,FALSE
"453","RMNHPAXR COMMONWEALTH TELEPHONE COMPANY",40.8484,-75.1419,227,TRUE
"454","1243424 Sba Towers II LLC",40.672472,-75.499361,227,FALSE
"455","BNGRPAXB COMMONWEALTH TELEPHONE COMPANY",40.8696,-75.2112,228,TRUE
"456","1243424 Sba Towers II LLC",40.672472,-75.499361,228,FALSE
"457","PTLDPAXP COMMONWEALTH TELEPHONE COMPANY",40.921,-75.098,229,TRUE
"458","1025077 Commonwealth Of Pennsylvania State Police",40.518889,-75.493611,229,FALSE
"459","RMNHPAXR COMMONWEALTH TELEPHONE COMPANY",40.8484,-75.1419,230,TRUE
"460","1025077 Commonwealth Of Pennsylvania State Police",40.518889,-75.493611,230,FALSE
"461","BNGRPAXB COMMONWEALTH TELEPHONE COMPANY",40.8696,-75.2112,231,TRUE
"462","1025077 Commonwealth Of Pennsylvania State Police",40.518889,-75.493611,231,FALSE
"463","PTLDPAXP COMMONWEALTH TELEPHONE COMPANY",40.921,-75.098,232,TRUE
"464","1201936 New Cingular Wireless Pcs LLC (AT&T)",40.553194,-75.492806,232,FALSE
"465","RMNHPAXR COMMONWEALTH TELEPHONE COMPANY",40.8484,-75.1419,233,TRUE
"466","1201936 New Cingular Wireless Pcs LLC (AT&T)",40.553194,-75.492806,233,FALSE
"467","BNGRPAXB COMMONWEALTH TELEPHONE COMPANY",40.8696,-75.2112,234,TRUE
"468","1201936 New Cingular Wireless Pcs LLC (AT&T)",40.553194,-75.492806,234,FALSE
"469","PTLDPAXP COMMONWEALTH TELEPHONE COMPANY",40.921,-75.098,235,TRUE
"470","1208927 Spectrasite Communications LLC. Through American Towers LLC.",40.792778,-75.4925,235,FALSE
"471","RMNHPAXR COMMONWEALTH TELEPHONE COMPANY",40.8484,-75.1419,236,TRUE
"472","1208927 Spectrasite Communications LLC. Through American Towers LLC.",40.792778,-75.4925,236,FALSE
"473","SFTBPA01 SERVICE ELECTRIC TELEPHONE, INC.",40.5569,-75.2898,237,TRUE
"474","1208927 Spectrasite Communications LLC. Through American Towers LLC.",40.792778,-75.4925,237,FALSE
"475","PTLDPAXP COMMONWEALTH TELEPHONE COMPANY",40.921,-75.098,238,TRUE
"476","1205334 Borough Of Emmaus",40.536194,-75.490167,238,FALSE
"477","RMNHPAXR COMMONWEALTH TELEPHONE COMPANY",40.8484,-75.1419,239,TRUE
"478","1205334 Borough Of Emmaus",40.536194,-75.490167,239,FALSE
"479","BNGRPAXB COMMONWEALTH TELEPHONE COMPANY",40.8696,-75.2112,240,TRUE
"480","1205334 Borough Of Emmaus",40.536194,-75.490167,240,FALSE
"481","PTLDPAXP COMMONWEALTH TELEPHONE COMPANY",40.921,-75.098,241,TRUE
"482","1228595 Spectrasite Communications LLC. Through American Towers LLC.",40.649917,-75.490056,241,FALSE
"483","RMNHPAXR COMMONWEALTH TELEPHONE COMPANY",40.8484,-75.1419,242,TRUE
"484","1228595 Spectrasite Communications LLC. Through American Towers LLC.",40.649917,-75.490056,242,FALSE
"485","BNGRPAXB COMMONWEALTH TELEPHONE COMPANY",40.8696,-75.2112,243,TRUE
"486","1228595 Spectrasite Communications LLC. Through American Towers LLC.",40.649917,-75.490056,243,FALSE
"487","PTLDPAXP COMMONWEALTH TELEPHONE COMPANY",40.921,-75.098,244,TRUE
"488","1200414 Pennsylvania Turnpike Commission",40.519528,-75.488833,244,FALSE
"489","RMNHPAXR COMMONWEALTH TELEPHONE COMPANY",40.8484,-75.1419,245,TRUE
"490","1200414 Pennsylvania Turnpike Commission",40.519528,-75.488833,245,FALSE
"491","BNGRPAXB COMMONWEALTH TELEPHONE COMPANY",40.8696,-75.2112,246,TRUE
"492","1200414 Pennsylvania Turnpike Commission",40.519528,-75.488833,246,FALSE
"493","PTLDPAXP COMMONWEALTH TELEPHONE COMPANY",40.921,-75.098,247,TRUE
"494","1232035 Spectrasite Communications LLC. Through American Towers LLC.",40.5475,-75.487833,247,FALSE
"495","RMNHPAXR COMMONWEALTH TELEPHONE COMPANY",40.8484,-75.1419,248,TRUE
"496","1232035 Spectrasite Communications LLC. Through American Towers LLC.",40.5475,-75.487833,248,FALSE
"497","BNGRPAXB COMMONWEALTH TELEPHONE COMPANY",40.8696,-75.2112,249,TRUE
"498","1232035 Spectrasite Communications LLC. Through American Towers LLC.",40.5475,-75.487833,249,FALSE
"499","PTLDPAXP COMMONWEALTH TELEPHONE COMPANY",40.921,-75.098,250,TRUE
"500","1223232 New Cingular Wireless Pcs LLC (AT&T)",40.690194,-75.487278,250,FALSE
"501","RMNHPAXR COMMONWEALTH TELEPHONE COMPANY",40.8484,-75.1419,251,TRUE
"502","1223232 New Cingular Wireless Pcs LLC (AT&T)",40.690194,-75.487278,251,FALSE
"503","BNGRPAXB COMMONWEALTH TELEPHONE COMPANY",40.8696,-75.2112,252,TRUE
"504","1223232 New Cingular Wireless Pcs LLC (AT&T)",40.690194,-75.487278,252,FALSE
"505","PTLDPAXP COMMONWEALTH TELEPHONE COMPANY",40.921,-75.098,253,TRUE
"506","1026590 Capstar Radio Operating Co",40.637222,-75.484444,253,FALSE
"507","RMNHPAXR COMMONWEALTH TELEPHONE COMPANY",40.8484,-75.1419,254,TRUE
"508","1026590 Capstar Radio Operating Co",40.637222,-75.484444,254,FALSE
"509","BNGRPAXB COMMONWEALTH TELEPHONE COMPANY",40.8696,-75.2112,255,TRUE
"510","1026590 Capstar Radio Operating Co",40.637222,-75.484444,255,FALSE
"511","PTLDPAXP COMMONWEALTH TELEPHONE COMPANY",40.921,-75.098,256,TRUE
"512","1026589 Capstar Radio Operating Co",40.636944,-75.483889,256,FALSE
"513","RMNHPAXR COMMONWEALTH TELEPHONE COMPANY",40.8484,-75.1419,257,TRUE
"514","1026589 Capstar Radio Operating Co",40.636944,-75.483889,257,FALSE
"515","BNGRPAXB COMMONWEALTH TELEPHONE COMPANY",40.8696,-75.2112,258,TRUE
"516","1026589 Capstar Radio Operating Co",40.636944,-75.483889,258,FALSE
"517","PTLDPAXP COMMONWEALTH TELEPHONE COMPANY",40.921,-75.098,259,TRUE
"518","1026590 Capstar Radio Operating Co",40.636944,-75.483889,259,FALSE
"519","RMNHPAXR COMMONWEALTH TELEPHONE COMPANY",40.8484,-75.1419,260,TRUE
"520","1026590 Capstar Radio Operating Co",40.636944,-75.483889,260,FALSE
"521","BNGRPAXB COMMONWEALTH TELEPHONE COMPANY",40.8696,-75.2112,261,TRUE
"522","1026590 Capstar Radio Operating Co",40.636944,-75.483889,261,FALSE
"523","PTLDPAXP COMMONWEALTH TELEPHONE COMPANY",40.921,-75.098,262,TRUE
"524","1026588 Capstar Radio Operating Co",40.636944,-75.483889,262,FALSE
"525","RMNHPAXR COMMONWEALTH TELEPHONE COMPANY",40.8484,-75.1419,263,TRUE
"526","1026588 Capstar Radio Operating Co",40.636944,-75.483889,263,FALSE
"527","BNGRPAXB COMMONWEALTH TELEPHONE COMPANY",40.8696,-75.2112,264,TRUE
"528","1026588 Capstar Radio Operating Co",40.636944,-75.483889,264,FALSE
"529","PTLDPAXP COMMONWEALTH TELEPHONE COMPANY",40.921,-75.098,265,TRUE
"530","1026588 Capstar Radio Operating Co",40.636667,-75.483611,265,FALSE
"531","RMNHPAXR COMMONWEALTH TELEPHONE COMPANY",40.8484,-75.1419,266,TRUE
"532","1026588 Capstar Radio Operating Co",40.636667,-75.483611,266,FALSE
"533","BNGRPAXB COMMONWEALTH TELEPHONE COMPANY",40.8696,-75.2112,267,TRUE
"534","1026588 Capstar Radio Operating Co",40.636667,-75.483611,267,FALSE
"535","PTLDPAXP COMMONWEALTH TELEPHONE COMPANY",40.921,-75.098,268,TRUE
"536","1255957 Sba Monarch Towers II LLC",40.664472,-75.48225,268,FALSE
"537","RMNHPAXR COMMONWEALTH TELEPHONE COMPANY",40.8484,-75.1419,269,TRUE
"538","1255957 Sba Monarch Towers II LLC",40.664472,-75.48225,269,FALSE
"539","BNGRPAXB COMMONWEALTH TELEPHONE COMPANY",40.8696,-75.2112,270,TRUE
"540","1255957 Sba Monarch Towers II LLC",40.664472,-75.48225,270,FALSE
"541","PTLDPAXP COMMONWEALTH TELEPHONE COMPANY",40.921,-75.098,271,TRUE
"542","1249493 Sba Monarch Towers II LLC",40.561361,-75.480139,271,FALSE
"543","RMNHPAXR COMMONWEALTH TELEPHONE COMPANY",40.8484,-75.1419,272,TRUE
"544","1249493 Sba Monarch Towers II LLC",40.561361,-75.480139,272,FALSE
"545","BNGRPAXB COMMONWEALTH TELEPHONE COMPANY",40.8696,-75.2112,273,TRUE
"546","1249493 Sba Monarch Towers II LLC",40.561361,-75.480139,273,FALSE
"547","PTLDPAXP COMMONWEALTH TELEPHONE COMPANY",40.921,-75.098,274,TRUE
"548","1038296 Crown Atlantic Company LLC. ",40.600472,-75.4795,274,FALSE
"549","RMNHPAXR COMMONWEALTH TELEPHONE COMPANY",40.8484,-75.1419,275,TRUE
"550","1038296 Crown Atlantic Company LLC. ",40.600472,-75.4795,275,FALSE
"551","BNGRPAXB COMMONWEALTH TELEPHONE COMPANY",40.8696,-75.2112,276,TRUE
"552","1038296 Crown Atlantic Company LLC. ",40.600472,-75.4795,276,FALSE
"553","PTLDPAXP COMMONWEALTH TELEPHONE COMPANY",40.921,-75.098,277,TRUE
"554","1016361 Lehigh Valley Broadcasting Association",40.592778,-75.478056,277,FALSE
"555","RMNHPAXR COMMONWEALTH TELEPHONE COMPANY",40.8484,-75.1419,278,TRUE
"556","1016361 Lehigh Valley Broadcasting Association",40.592778,-75.478056,278,FALSE
"557","BNGRPAXB COMMONWEALTH TELEPHONE COMPANY",40.8696,-75.2112,279,TRUE
"558","1016361 Lehigh Valley Broadcasting Association",40.592778,-75.478056,279,FALSE
"559","PTLDPAXP COMMONWEALTH TELEPHONE COMPANY",40.921,-75.098,280,TRUE
"560","1016360 Lehigh Valley Broadcasting Association",40.5925,-75.478056,280,FALSE
"561","RMNHPAXR COMMONWEALTH TELEPHONE COMPANY",40.8484,-75.1419,281,TRUE
"562","1016360 Lehigh Valley Broadcasting Association",40.5925,-75.478056,281,FALSE
"563","BNGRPAXB COMMONWEALTH TELEPHONE COMPANY",40.8696,-75.2112,282,TRUE
"564","1016360 Lehigh Valley Broadcasting Association",40.5925,-75.478056,282,FALSE
"565","PTLDPAXP COMMONWEALTH TELEPHONE COMPANY",40.921,-75.098,283,TRUE
"566","1056134 T-Mobile Northeast LLC",40.655556,-75.473611,283,FALSE
"567","RMNHPAXR COMMONWEALTH TELEPHONE COMPANY",40.8484,-75.1419,284,TRUE
"568","1056134 T-Mobile Northeast LLC",40.655556,-75.473611,284,FALSE
"569","BNGRPAXB COMMONWEALTH TELEPHONE COMPANY",40.8696,-75.2112,285,TRUE
"570","1056134 T-Mobile Northeast LLC",40.655556,-75.473611,285,FALSE
"571","PTLDPAXP COMMONWEALTH TELEPHONE COMPANY",40.921,-75.098,286,TRUE
"572","1225404 New Cingular Wireless Pcs LLC (AT&T)",40.576167,-75.472556,286,FALSE
"573","RMNHPAXR COMMONWEALTH TELEPHONE COMPANY",40.8484,-75.1419,287,TRUE
"574","1225404 New Cingular Wireless Pcs LLC (AT&T)",40.576167,-75.472556,287,FALSE
"575","BNGRPAXB COMMONWEALTH TELEPHONE COMPANY",40.8696,-75.2112,288,TRUE
"576","1225404 New Cingular Wireless Pcs LLC (AT&T)",40.576167,-75.472556,288,FALSE
"577","PTLDPAXP COMMONWEALTH TELEPHONE COMPANY",40.921,-75.098,289,TRUE
"578","1249714 Atlas Tower Network",40.88175,-75.472333,289,FALSE
"579","CPBGPAXC COMMONWEALTH TELEPHONE COMPANY",40.5156,-75.3892,290,TRUE
"580","1249714 Atlas Tower Network",40.88175,-75.472333,290,FALSE
"581","MCNGPAXM VERIZON NORTH INC.-PA (CONTEL)",40.5181,-75.5581,291,TRUE
"582","1249714 Atlas Tower Network",40.88175,-75.472333,291,FALSE
"583","MCNGPAXM VERIZON NORTH INC.-PA (CONTEL)",40.5181,-75.5581,292,TRUE
"584","1255968 Sba 2012 Tc II LLC",40.917083,-75.467333,292,FALSE
"585","CPBGPAXC COMMONWEALTH TELEPHONE COMPANY",40.5156,-75.3892,293,TRUE
"586","1255968 Sba 2012 Tc II LLC",40.917083,-75.467333,293,FALSE
"587","SFTBPA01 SERVICE ELECTRIC TELEPHONE, INC.",40.5569,-75.2898,294,TRUE
"588","1255968 Sba 2012 Tc II LLC",40.917083,-75.467333,294,FALSE
"589","PTLDPAXP COMMONWEALTH TELEPHONE COMPANY",40.921,-75.098,295,TRUE
"590","1063979 New Cingular Wireless Pcs LLC (AT&T)",40.61325,-75.465306,295,FALSE
"591","RMNHPAXR COMMONWEALTH TELEPHONE COMPANY",40.8484,-75.1419,296,TRUE
"592","1063979 New Cingular Wireless Pcs LLC (AT&T)",40.61325,-75.465306,296,FALSE
"593","BNGRPAXB COMMONWEALTH TELEPHONE COMPANY",40.8696,-75.2112,297,TRUE
"594","1063979 New Cingular Wireless Pcs LLC (AT&T)",40.61325,-75.465306,297,FALSE
"595","PTLDPAXP COMMONWEALTH TELEPHONE COMPANY",40.921,-75.098,298,TRUE
"596","1251346 New Cingular Wireless Pcs LLC (AT&T)",40.660472,-75.464639,298,FALSE
"597","RMNHPAXR COMMONWEALTH TELEPHONE COMPANY",40.8484,-75.1419,299,TRUE
"598","1251346 New Cingular Wireless Pcs LLC (AT&T)",40.660472,-75.464639,299,FALSE
"599","BNGRPAXB COMMONWEALTH TELEPHONE COMPANY",40.8696,-75.2112,300,TRUE
"600","1251346 New Cingular Wireless Pcs LLC (AT&T)",40.660472,-75.464639,300,FALSE
"601","PTLDPAXP COMMONWEALTH TELEPHONE COMPANY",40.921,-75.098,301,TRUE
"602","1257204 T-Mobile Northeast LLC",40.648389,-75.4635,301,FALSE
"603","RMNHPAXR COMMONWEALTH TELEPHONE COMPANY",40.8484,-75.1419,302,TRUE
"604","1257204 T-Mobile Northeast LLC",40.648389,-75.4635,302,FALSE
"605","BNGRPAXB COMMONWEALTH TELEPHONE COMPANY",40.8696,-75.2112,303,TRUE
"606","1257204 T-Mobile Northeast LLC",40.648389,-75.4635,303,FALSE
"607","PTLDPAXP COMMONWEALTH TELEPHONE COMPANY",40.921,-75.098,304,TRUE
"608","1278063 Stc Five LLC (SPRINT)",40.584417,-75.462694,304,FALSE
"609","RMNHPAXR COMMONWEALTH TELEPHONE COMPANY",40.8484,-75.1419,305,TRUE
"610","1278063 Stc Five LLC (SPRINT)",40.584417,-75.462694,305,FALSE
"611","BNGRPAXB COMMONWEALTH TELEPHONE COMPANY",40.8696,-75.2112,306,TRUE
"612","1278063 Stc Five LLC (SPRINT)",40.584417,-75.462694,306,FALSE
"613","PTLDPAXP COMMONWEALTH TELEPHONE COMPANY",40.921,-75.098,307,TRUE
"614","1254385 Allentown SMSA LP (Verizon) ",40.659139,-75.462667,307,FALSE
"615","RMNHPAXR COMMONWEALTH TELEPHONE COMPANY",40.8484,-75.1419,308,TRUE
"616","1254385 Allentown SMSA LP (Verizon) ",40.659139,-75.462667,308,FALSE
"617","BNGRPAXB COMMONWEALTH TELEPHONE COMPANY",40.8696,-75.2112,309,TRUE
"618","1254385 Allentown SMSA LP (Verizon) ",40.659139,-75.462667,309,FALSE
"619","PTLDPAXP COMMONWEALTH TELEPHONE COMPANY",40.921,-75.098,310,TRUE
"620","1208895 Spectrasite Communications LLC. Through American Towers LLC.",40.743861,-75.456528,310,FALSE
"621","RMNHPAXR COMMONWEALTH TELEPHONE COMPANY",40.8484,-75.1419,311,TRUE
"622","1208895 Spectrasite Communications LLC. Through American Towers LLC.",40.743861,-75.456528,311,FALSE
"623","BNGRPAXB COMMONWEALTH TELEPHONE COMPANY",40.8696,-75.2112,312,TRUE
"624","1208895 Spectrasite Communications LLC. Through American Towers LLC.",40.743861,-75.456528,312,FALSE
"625","PTLDPAXP COMMONWEALTH TELEPHONE COMPANY",40.921,-75.098,313,TRUE
"626","1026029 J&D Brothers Inc",40.564167,-75.454444,313,FALSE
"627","RMNHPAXR COMMONWEALTH TELEPHONE COMPANY",40.8484,-75.1419,314,TRUE
"628","1026029 J&D Brothers Inc",40.564167,-75.454444,314,FALSE
"629","BNGRPAXB COMMONWEALTH TELEPHONE COMPANY",40.8696,-75.2112,315,TRUE
"630","1026029 J&D Brothers Inc",40.564167,-75.454444,315,FALSE
"631","PTLDPAXP COMMONWEALTH TELEPHONE COMPANY",40.921,-75.098,316,TRUE
"632","1218111 New Cingular Wireless Pcs LLC (AT&T)",40.698861,-75.452611,316,FALSE
"633","RMNHPAXR COMMONWEALTH TELEPHONE COMPANY",40.8484,-75.1419,317,TRUE
"634","1218111 New Cingular Wireless Pcs LLC (AT&T)",40.698861,-75.452611,317,FALSE
"635","BNGRPAXB COMMONWEALTH TELEPHONE COMPANY",40.8696,-75.2112,318,TRUE
"636","1218111 New Cingular Wireless Pcs LLC (AT&T)",40.698861,-75.452611,318,FALSE
"637","MCNGPAXM VERIZON NORTH INC.-PA (CONTEL)",40.5181,-75.5581,319,TRUE
"638","1225641 Spectrasite Communications LLC. Through American Towers LLC.",40.865,-75.449583,319,FALSE
"639","PTLDPAXP COMMONWEALTH TELEPHONE COMPANY",40.921,-75.098,320,TRUE
"640","1225641 Spectrasite Communications LLC. Through American Towers LLC.",40.865,-75.449583,320,FALSE
"641","CPBGPAXC COMMONWEALTH TELEPHONE COMPANY",40.5156,-75.3892,321,TRUE
"642","1225641 Spectrasite Communications LLC. Through American Towers LLC.",40.865,-75.449583,321,FALSE
"643","PTLDPAXP COMMONWEALTH TELEPHONE COMPANY",40.921,-75.098,322,TRUE
"644","1265087 American Towers LLC",40.6145,-75.447861,322,FALSE
"645","RMNHPAXR COMMONWEALTH TELEPHONE COMPANY",40.8484,-75.1419,323,TRUE
"646","1265087 American Towers LLC",40.6145,-75.447861,323,FALSE
"647","BNGRPAXB COMMONWEALTH TELEPHONE COMPANY",40.8696,-75.2112,324,TRUE
"648","1265087 American Towers LLC",40.6145,-75.447861,324,FALSE
"649","PTLDPAXP COMMONWEALTH TELEPHONE COMPANY",40.921,-75.098,325,TRUE
"650","1224228 Crown Atlantic Company LLC. ",40.625417,-75.447361,325,FALSE
"651","RMNHPAXR COMMONWEALTH TELEPHONE COMPANY",40.8484,-75.1419,326,TRUE
"652","1224228 Crown Atlantic Company LLC. ",40.625417,-75.447361,326,FALSE
"653","BNGRPAXB COMMONWEALTH TELEPHONE COMPANY",40.8696,-75.2112,327,TRUE
"654","1224228 Crown Atlantic Company LLC. ",40.625417,-75.447361,327,FALSE
"655","PTLDPAXP COMMONWEALTH TELEPHONE COMPANY",40.921,-75.098,328,TRUE
"656","1228312 New Cingular Wireless Pcs LLC (AT&T)",40.464389,-75.44625,328,FALSE
"657","RMNHPAXR COMMONWEALTH TELEPHONE COMPANY",40.8484,-75.1419,329,TRUE
"658","1228312 New Cingular Wireless Pcs LLC (AT&T)",40.464389,-75.44625,329,FALSE
"659","BNGRPAXB COMMONWEALTH TELEPHONE COMPANY",40.8696,-75.2112,330,TRUE
"660","1228312 New Cingular Wireless Pcs LLC (AT&T)",40.464389,-75.44625,330,FALSE
"661","PTLDPAXP COMMONWEALTH TELEPHONE COMPANY",40.921,-75.098,331,TRUE
"662","1288617 Allentown SMSA LP (Verizon) ",40.606361,-75.443194,331,FALSE
"663","RMNHPAXR COMMONWEALTH TELEPHONE COMPANY",40.8484,-75.1419,332,TRUE
"664","1288617 Allentown SMSA LP (Verizon) ",40.606361,-75.443194,332,FALSE
"665","BNGRPAXB COMMONWEALTH TELEPHONE COMPANY",40.8696,-75.2112,333,TRUE
"666","1288617 Allentown SMSA LP (Verizon) ",40.606361,-75.443194,333,FALSE
"667","PTLDPAXP COMMONWEALTH TELEPHONE COMPANY",40.921,-75.098,334,TRUE
"668","1031215 Marantha Broadcasting Co Inc",40.564444,-75.44,334,FALSE
"669","RMNHPAXR COMMONWEALTH TELEPHONE COMPANY",40.8484,-75.1419,335,TRUE
"670","1031215 Marantha Broadcasting Co Inc",40.564444,-75.44,335,FALSE
"671","BNGRPAXB COMMONWEALTH TELEPHONE COMPANY",40.8696,-75.2112,336,TRUE
"672","1031215 Marantha Broadcasting Co Inc",40.564444,-75.44,336,FALSE
"673","PTLDPAXP COMMONWEALTH TELEPHONE COMPANY",40.921,-75.098,337,TRUE
"674","1200639 New Cingular Wireless Pcs LLC (AT&T)",40.538083,-75.439472,337,FALSE
"675","RMNHPAXR COMMONWEALTH TELEPHONE COMPANY",40.8484,-75.1419,338,TRUE
"676","1200639 New Cingular Wireless Pcs LLC (AT&T)",40.538083,-75.439472,338,FALSE
"677","BNGRPAXB COMMONWEALTH TELEPHONE COMPANY",40.8696,-75.2112,339,TRUE
"678","1200639 New Cingular Wireless Pcs LLC (AT&T)",40.538083,-75.439472,339,FALSE
"679","PTLDPAXP COMMONWEALTH TELEPHONE COMPANY",40.921,-75.098,340,TRUE
"680","1026721 Service Electric Cable Tv Inc",40.565,-75.437778,340,FALSE
"681","RMNHPAXR COMMONWEALTH TELEPHONE COMPANY",40.8484,-75.1419,341,TRUE
"682","1026721 Service Electric Cable Tv Inc",40.565,-75.437778,341,FALSE
"683","BNGRPAXB COMMONWEALTH TELEPHONE COMPANY",40.8696,-75.2112,342,TRUE
"684","1026721 Service Electric Cable Tv Inc",40.565,-75.437778,342,FALSE
"685","PTLDPAXP COMMONWEALTH TELEPHONE COMPANY",40.921,-75.098,343,TRUE
"686","1251575 New Cingular Wireless Pcs LLC (AT&T)",40.632694,-75.437611,343,FALSE
"687","RMNHPAXR COMMONWEALTH TELEPHONE COMPANY",40.8484,-75.1419,344,TRUE
"688","1251575 New Cingular Wireless Pcs LLC (AT&T)",40.632694,-75.437611,344,FALSE
"689","BNGRPAXB COMMONWEALTH TELEPHONE COMPANY",40.8696,-75.2112,345,TRUE
"690","1251575 New Cingular Wireless Pcs LLC (AT&T)",40.632694,-75.437611,345,FALSE
"691","PTLDPAXP COMMONWEALTH TELEPHONE COMPANY",40.921,-75.098,346,TRUE
"692","1243416 Sba 2012 Tc Assets LLC",40.699556,-75.437194,346,FALSE
"693","RMNHPAXR COMMONWEALTH TELEPHONE COMPANY",40.8484,-75.1419,347,TRUE
"694","1243416 Sba 2012 Tc Assets LLC",40.699556,-75.437194,347,FALSE
"695","BNGRPAXB COMMONWEALTH TELEPHONE COMPANY",40.8696,-75.2112,348,TRUE
"696","1243416 Sba 2012 Tc Assets LLC",40.699556,-75.437194,348,FALSE
"697","PTLDPAXP COMMONWEALTH TELEPHONE COMPANY",40.921,-75.098,349,TRUE
"698","1245236 T-Mobile Northeast LLC",40.594722,-75.436778,349,FALSE
"699","RMNHPAXR COMMONWEALTH TELEPHONE COMPANY",40.8484,-75.1419,350,TRUE
"700","1245236 T-Mobile Northeast LLC",40.594722,-75.436778,350,FALSE
"701","BNGRPAXB COMMONWEALTH TELEPHONE COMPANY",40.8696,-75.2112,351,TRUE
"702","1245236 T-Mobile Northeast LLC",40.594722,-75.436778,351,FALSE
"703","PTLDPAXP COMMONWEALTH TELEPHONE COMPANY",40.921,-75.098,352,TRUE
"704","1055880 American Towers LLC",40.632694,-75.43625,352,FALSE
"705","RMNHPAXR COMMONWEALTH TELEPHONE COMPANY",40.8484,-75.1419,353,TRUE
"706","1055880 American Towers LLC",40.632694,-75.43625,353,FALSE
"707","BNGRPAXB COMMONWEALTH TELEPHONE COMPANY",40.8696,-75.2112,354,TRUE
"708","1055880 American Towers LLC",40.632694,-75.43625,354,FALSE
"709","PTLDPAXP COMMONWEALTH TELEPHONE COMPANY",40.921,-75.098,355,TRUE
"710","1254486 T-Mobile Northeast LLC",40.594528,-75.436,355,FALSE
"711","RMNHPAXR COMMONWEALTH TELEPHONE COMPANY",40.8484,-75.1419,356,TRUE
"712","1254486 T-Mobile Northeast LLC",40.594528,-75.436,356,FALSE
"713","BNGRPAXB COMMONWEALTH TELEPHONE COMPANY",40.8696,-75.2112,357,TRUE
"714","1254486 T-Mobile Northeast LLC",40.594528,-75.436,357,FALSE
"715","PTLDPAXP COMMONWEALTH TELEPHONE COMPANY",40.921,-75.098,358,TRUE
"716","1027478 Begovich Nicholas J:begovich Martha A",40.569444,-75.435833,358,FALSE
"717","RMNHPAXR COMMONWEALTH TELEPHONE COMPANY",40.8484,-75.1419,359,TRUE
"718","1027478 Begovich Nicholas J:begovich Martha A",40.569444,-75.435833,359,FALSE
"719","BNGRPAXB COMMONWEALTH TELEPHONE COMPANY",40.8696,-75.2112,360,TRUE
"720","1027478 Begovich Nicholas J:begovich Martha A",40.569444,-75.435833,360,FALSE
"721","PTLDPAXP COMMONWEALTH TELEPHONE COMPANY",40.921,-75.098,361,TRUE
"722","1026287 American Towers LLC",40.565972,-75.43575,361,FALSE
"723","RMNHPAXR COMMONWEALTH TELEPHONE COMPANY",40.8484,-75.1419,362,TRUE
"724","1026287 American Towers LLC",40.565972,-75.43575,362,FALSE
"725","BNGRPAXB COMMONWEALTH TELEPHONE COMPANY",40.8696,-75.2112,363,TRUE
"726","1026287 American Towers LLC",40.565972,-75.43575,363,FALSE
"727","PTLDPAXP COMMONWEALTH TELEPHONE COMPANY",40.921,-75.098,364,TRUE
"728","1261091 Sba Monarch Towers II LLC",40.595278,-75.435556,364,FALSE
"729","RMNHPAXR COMMONWEALTH TELEPHONE COMPANY",40.8484,-75.1419,365,TRUE
"730","1261091 Sba Monarch Towers II LLC",40.595278,-75.435556,365,FALSE
"731","BNGRPAXB COMMONWEALTH TELEPHONE COMPANY",40.8696,-75.2112,366,TRUE
"732","1261091 Sba Monarch Towers II LLC",40.595278,-75.435556,366,FALSE
"733","PTLDPAXP COMMONWEALTH TELEPHONE COMPANY",40.921,-75.098,367,TRUE
"734","1026545 American Towers LLC",40.567194,-75.434306,367,FALSE
"735","RMNHPAXR COMMONWEALTH TELEPHONE COMPANY",40.8484,-75.1419,368,TRUE
"736","1026545 American Towers LLC",40.567194,-75.434306,368,FALSE
"737","BNGRPAXB COMMONWEALTH TELEPHONE COMPANY",40.8696,-75.2112,369,TRUE
"738","1026545 American Towers LLC",40.567194,-75.434306,369,FALSE
"739","PTLDPAXP COMMONWEALTH TELEPHONE COMPANY",40.921,-75.098,370,TRUE
"740","1217004 Rcn Telcom Services (lehigh) LLC",40.700139,-75.434028,370,FALSE
"741","RMNHPAXR COMMONWEALTH TELEPHONE COMPANY",40.8484,-75.1419,371,TRUE
"742","1217004 Rcn Telcom Services (lehigh) LLC",40.700139,-75.434028,371,FALSE
"743","BNGRPAXB COMMONWEALTH TELEPHONE COMPANY",40.8696,-75.2112,372,TRUE
"744","1217004 Rcn Telcom Services (lehigh) LLC",40.700139,-75.434028,372,FALSE
"745","PTLDPAXP COMMONWEALTH TELEPHONE COMPANY",40.921,-75.098,373,TRUE
"746","1206208 Pp&l Inc",40.56925,-75.433778,373,FALSE
"747","RMNHPAXR COMMONWEALTH TELEPHONE COMPANY",40.8484,-75.1419,374,TRUE
"748","1206208 Pp&l Inc",40.56925,-75.433778,374,FALSE
"749","BNGRPAXB COMMONWEALTH TELEPHONE COMPANY",40.8696,-75.2112,375,TRUE
"750","1206208 Pp&l Inc",40.56925,-75.433778,375,FALSE
"751","PTLDPAXP COMMONWEALTH TELEPHONE COMPANY",40.921,-75.098,376,TRUE
"752","1216985 Rcn Telcom Services (lehigh) LLC",40.699944,-75.432889,376,FALSE
"753","RMNHPAXR COMMONWEALTH TELEPHONE COMPANY",40.8484,-75.1419,377,TRUE
"754","1216985 Rcn Telcom Services (lehigh) LLC",40.699944,-75.432889,377,FALSE
"755","BNGRPAXB COMMONWEALTH TELEPHONE COMPANY",40.8696,-75.2112,378,TRUE
"756","1216985 Rcn Telcom Services (lehigh) LLC",40.699944,-75.432889,378,FALSE
"757","PTLDPAXP COMMONWEALTH TELEPHONE COMPANY",40.921,-75.098,379,TRUE
"758","1216981 Rcn Telcom Services (lehigh) LLC",40.700111,-75.432139,379,FALSE
"759","RMNHPAXR COMMONWEALTH TELEPHONE COMPANY",40.8484,-75.1419,380,TRUE
"760","1216981 Rcn Telcom Services (lehigh) LLC",40.700111,-75.432139,380,FALSE
"761","BNGRPAXB COMMONWEALTH TELEPHONE COMPANY",40.8696,-75.2112,381,TRUE
"762","1216981 Rcn Telcom Services (lehigh) LLC",40.700111,-75.432139,381,FALSE
"763","PTLDPAXP COMMONWEALTH TELEPHONE COMPANY",40.921,-75.098,382,TRUE
"764","1016094 Tuway Communications",40.572222,-75.430556,382,FALSE
"765","RMNHPAXR COMMONWEALTH TELEPHONE COMPANY",40.8484,-75.1419,383,TRUE
"766","1016094 Tuway Communications",40.572222,-75.430556,383,FALSE
"767","BNGRPAXB COMMONWEALTH TELEPHONE COMPANY",40.8696,-75.2112,384,TRUE
"768","1016094 Tuway Communications",40.572222,-75.430556,384,FALSE
"769","PTLDPAXP COMMONWEALTH TELEPHONE COMPANY",40.921,-75.098,385,TRUE
"770","1025308 Industrial Communications Co",40.571667,-75.429722,385,FALSE
"771","RMNHPAXR COMMONWEALTH TELEPHONE COMPANY",40.8484,-75.1419,386,TRUE
"772","1025308 Industrial Communications Co",40.571667,-75.429722,386,FALSE
"773","BNGRPAXB COMMONWEALTH TELEPHONE COMPANY",40.8696,-75.2112,387,TRUE
"774","1025308 Industrial Communications Co",40.571667,-75.429722,387,FALSE
"775","PTLDPAXP COMMONWEALTH TELEPHONE COMPANY",40.921,-75.098,388,TRUE
"776","1054116 Pinnacle Towers LLC",40.430333,-75.426528,388,FALSE
"777","RMNHPAXR COMMONWEALTH TELEPHONE COMPANY",40.8484,-75.1419,389,TRUE
"778","1054116 Pinnacle Towers LLC",40.430333,-75.426528,389,FALSE
"779","BNGRPAXB COMMONWEALTH TELEPHONE COMPANY",40.8696,-75.2112,390,TRUE
"780","1054116 Pinnacle Towers LLC",40.430333,-75.426528,390,FALSE
"781","PTLDPAXP COMMONWEALTH TELEPHONE COMPANY",40.921,-75.098,391,TRUE
"782","1254129 Allentown SMSA LP (Verizon) ",40.580528,-75.425361,391,FALSE
"783","RMNHPAXR COMMONWEALTH TELEPHONE COMPANY",40.8484,-75.1419,392,TRUE
"784","1254129 Allentown SMSA LP (Verizon) ",40.580528,-75.425361,392,FALSE
"785","BNGRPAXB COMMONWEALTH TELEPHONE COMPANY",40.8696,-75.2112,393,TRUE
"786","1254129 Allentown SMSA LP (Verizon) ",40.580528,-75.425361,393,FALSE
"787","PTLDPAXP COMMONWEALTH TELEPHONE COMPANY",40.921,-75.098,394,TRUE
"788","1251667 T-Mobile Northeast LLC",40.621639,-75.423806,394,FALSE
"789","RMNHPAXR COMMONWEALTH TELEPHONE COMPANY",40.8484,-75.1419,395,TRUE
"790","1251667 T-Mobile Northeast LLC",40.621639,-75.423806,395,FALSE
"791","BNGRPAXB COMMONWEALTH TELEPHONE COMPANY",40.8696,-75.2112,396,TRUE
"792","1251667 T-Mobile Northeast LLC",40.621639,-75.423806,396,FALSE
"793","PTLDPAXP COMMONWEALTH TELEPHONE COMPANY",40.921,-75.098,397,TRUE
"794","1234747 Tuway Communications",40.652861,-75.421556,397,FALSE
"795","RMNHPAXR COMMONWEALTH TELEPHONE COMPANY",40.8484,-75.1419,398,TRUE
"796","1234747 Tuway Communications",40.652861,-75.421556,398,FALSE
"797","BNGRPAXB COMMONWEALTH TELEPHONE COMPANY",40.8696,-75.2112,399,TRUE
"798","1234747 Tuway Communications",40.652861,-75.421556,399,FALSE
"799","PTLDPAXP COMMONWEALTH TELEPHONE COMPANY",40.921,-75.098,400,TRUE
"800","1266532 T-Mobile Usa Tower LLC",40.636472,-75.421056,400,FALSE
"801","RMNHPAXR COMMONWEALTH TELEPHONE COMPANY",40.8484,-75.1419,401,TRUE
"802","1266532 T-Mobile Usa Tower LLC",40.636472,-75.421056,401,FALSE
"803","BNGRPAXB COMMONWEALTH TELEPHONE COMPANY",40.8696,-75.2112,402,TRUE
"804","1266532 T-Mobile Usa Tower LLC",40.636472,-75.421056,402,FALSE
"805","PTLDPAXP COMMONWEALTH TELEPHONE COMPANY",40.921,-75.098,403,TRUE
"806","1204088 Rcn Telcom Services (lehigh) LLC",40.598167,-75.421028,403,FALSE
"807","RMNHPAXR COMMONWEALTH TELEPHONE COMPANY",40.8484,-75.1419,404,TRUE
"808","1204088 Rcn Telcom Services (lehigh) LLC",40.598167,-75.421028,404,FALSE
"809","BNGRPAXB COMMONWEALTH TELEPHONE COMPANY",40.8696,-75.2112,405,TRUE
"810","1204088 Rcn Telcom Services (lehigh) LLC",40.598167,-75.421028,405,FALSE
"811","PTLDPAXP COMMONWEALTH TELEPHONE COMPANY",40.921,-75.098,406,TRUE
"812","1280655 New Cingular Wireless Pcs LLC (AT&T)",40.73425,-75.420528,406,FALSE
"813","RMNHPAXR COMMONWEALTH TELEPHONE COMPANY",40.8484,-75.1419,407,TRUE
"814","1280655 New Cingular Wireless Pcs LLC (AT&T)",40.73425,-75.420528,407,FALSE
"815","MCNGPAXM VERIZON NORTH INC.-PA (CONTEL)",40.5181,-75.5581,408,TRUE
"816","1280655 New Cingular Wireless Pcs LLC (AT&T)",40.73425,-75.420528,408,FALSE
"817","PTLDPAXP COMMONWEALTH TELEPHONE COMPANY",40.921,-75.098,409,TRUE
"818","1026152 Begovich Nicholas J:begovich Martha A",40.658333,-75.419722,409,FALSE
"819","RMNHPAXR COMMONWEALTH TELEPHONE COMPANY",40.8484,-75.1419,410,TRUE
"820","1026152 Begovich Nicholas J:begovich Martha A",40.658333,-75.419722,410,FALSE
"821","BNGRPAXB COMMONWEALTH TELEPHONE COMPANY",40.8696,-75.2112,411,TRUE
"822","1026152 Begovich Nicholas J:begovich Martha A",40.658333,-75.419722,411,FALSE
"823","PTLDPAXP COMMONWEALTH TELEPHONE COMPANY",40.921,-75.098,412,TRUE
"824","1026599 Citadel Broadcasting Co",40.598611,-75.419722,412,FALSE
"825","RMNHPAXR COMMONWEALTH TELEPHONE COMPANY",40.8484,-75.1419,413,TRUE
"826","1026599 Citadel Broadcasting Co",40.598611,-75.419722,413,FALSE
"827","BNGRPAXB COMMONWEALTH TELEPHONE COMPANY",40.8696,-75.2112,414,TRUE
"828","1026599 Citadel Broadcasting Co",40.598611,-75.419722,414,FALSE
"829","PTLDPAXP COMMONWEALTH TELEPHONE COMPANY",40.921,-75.098,415,TRUE
"830","1026723 Service Electric Cable Tv Inc",40.598611,-75.419722,415,FALSE
"831","RMNHPAXR COMMONWEALTH TELEPHONE COMPANY",40.8484,-75.1419,416,TRUE
"832","1026723 Service Electric Cable Tv Inc",40.598611,-75.419722,416,FALSE
"833","BNGRPAXB COMMONWEALTH TELEPHONE COMPANY",40.8696,-75.2112,417,TRUE
"834","1026723 Service Electric Cable Tv Inc",40.598611,-75.419722,417,FALSE
"835","PTLDPAXP COMMONWEALTH TELEPHONE COMPANY",40.921,-75.098,418,TRUE
"836","1054486 Pinnacle Towers LLC",40.598167,-75.418556,418,FALSE
"837","RMNHPAXR COMMONWEALTH TELEPHONE COMPANY",40.8484,-75.1419,419,TRUE
"838","1054486 Pinnacle Towers LLC",40.598167,-75.418556,419,FALSE
"839","BNGRPAXB COMMONWEALTH TELEPHONE COMPANY",40.8696,-75.2112,420,TRUE
"840","1054486 Pinnacle Towers LLC",40.598167,-75.418556,420,FALSE
"841","PTLDPAXP COMMONWEALTH TELEPHONE COMPANY",40.921,-75.098,421,TRUE
"842","1207439 Network Management Ltd",40.650556,-75.4125,421,FALSE
"843","RMNHPAXR COMMONWEALTH TELEPHONE COMPANY",40.8484,-75.1419,422,TRUE
"844","1207439 Network Management Ltd",40.650556,-75.4125,422,FALSE
"845","BNGRPAXB COMMONWEALTH TELEPHONE COMPANY",40.8696,-75.2112,423,TRUE
"846","1207439 Network Management Ltd",40.650556,-75.4125,423,FALSE
